label	text_a
0	打开熊猫看书
0	opera浏览器
0	钛备份
0	打开sky电话
0	帮我找菜单
0	找愤怒的小鸟
0	正韵打开相机
0	我把相机打开
0	上QQ我
0	打开uc浏览器v八
0	搜索QQ
0	打开qq登陆到聊天模式
0	打开个性闹钟
0	国际象棋开局
0	打开uc浏览器登录新浪网主页
0	搜索声控安卓软件
0	查找通讯录
0	打开天天动听播放站你名下
0	瓷我要上QQ
0	搜索游戏
0	搜索机锋市场
0	进入设置菜单
0	打开应用程序钱包
0	赶集
0	我想上qq了
0	音乐播放器
0	金山词霸
0	下载飞信
0	嗯打开相机
0	搜狗
0	打开uc浏览器
0	打开qq找杨佳艺
0	百度百科
0	帮我打开电话本
0	打开会说话的汤姆猫
0	搜索京东商城
0	打开酷狗并随机播放
0	打开天天动听并开始播放音乐
0	酷狗音乐盒
0	打开手机QQ恩
0	把我打开UC浏览器
0	打开应用漫画
0	启动qq浏览器
0	打开系统软件清理
0	把uc打开啊
0	打开相机我想你
0	开启通讯录
0	有道词典
0	帮我开捕鱼达人
0	打开搜狐微博
0	打开语音软件
0	下载汉化软件
0	搜索结束软件
1	怎么坐车去广州？
1	从西安到石嘴山的汽车票。
1	在菏泽怎么坐去北京的车。
1	查看济南到东营的，汽车。
1	宁波到杭州的汽车
1	上海回合肥怎么坐汽车
1	宁波到岳阳的汽车。
1	从合肥到上海可以到哪坐车？
1	太原到广州的车。
1	合肥到上海可以到哪坐车？
1	长沙到怀化的汽车。
1	从温州到西安的汽车。
1	上海到合肥怎么坐汽车？
1	从中山到西安的汽车。
1	九江到景德镇的汽车。
1	从聊城到东营的车。
1	吉林到大连的车。
1	昭通到南昌的汽车。
1	查一下运城到临汾的汽车。
1	从杭州到黄山的汽车。
1	温州到上海的车。
1	上海到合肥可以到哪坐车
1	济南去聊城的汽车。
1	请查询天津市到哈尔滨的车。
2	3的平方除以2的立方的商的倒数
2	5的平方与3的3次方的和是多少
2	2的2次方
2	45的三次方
2	15加上2的平方
2	123和34的和等于多少
2	你知不知道三十四加六十五等于多少
2	3的平方除以2的立方的商减去4的平方根的立方
2	6的平方
2	4乘6乘七再除以二
2	根号3是多少
2	根号76
2	3的平方除以2的立方的商等于多少
2	125的立方根
2	4的2次方根
2	54的立方再加上35
2	123和34的差等于多少
2	帮我算一算45的平方根
2	十二与32的积是多少
2	23减去根号4
2	2平方
2	根下25
2	4的平方根
2	45与53的差是多少
30	你好慢吗！
30	你睡午觉吗
30	可是我问你啥都听不懂啊
30	库里是不是傻
30	你觉得脚踏两只船怎么样
30	哎你在干啥呢
30	怎么分担
30	长了什么?
30	能想起我吗
30	卖啥呀
30	你会骂人么
30	你最近干嘛呢
30	对啊我也这么觉得
30	有什么钱
30	你不开心会做什么
30	你认识吗
30	哪年呀
30	怎么对
30	你还能做什么
30	你不是猪吗
30	你喜欢喝什么茶呀
30	你喜欢听什么歌曲
30	你开什么车
30	这是啥
30	能告诉我你的性别么
30	你端午节放假么
30	笨笨真的会聊天吗
30	我觉得什么
30	你和小冰有什么不一样
30	怎么调用QA
30	你说啥了
30	那我长什么样
30	你早上几点钟起床
30	你说啥呢好恶心
30	为什么你是机器人
30	你是微软小冰吗
30	你认识微软小冰吗
30	有啥好吃
30	怀化吃什么
30	林芝吃什么
30	喜欢男孩还是女孩
30	我看你还是不太行
30	干嘛去
30	谁跟你说没对象了
30	你喜欢吸毒吗
30	哪去
30	那你梦想是什么呢
30	什么跌了
30	什么新闻呢
30	我不确定具体啥时间去呢
30	你听说过这句名言吗
30	你们什么搞笑剧
30	出来约炮吗
30	你认识xx吗
30	你是不是爱上别人了
30	不怕啥
30	必须你说一句我说一句吗
30	你什么时候死
30	你这答复逻辑也是没谁了
30	这个新闻有意思吗
30	你读几年级了
30	你想他干嘛
30	准备好了吗？
30	笨笨为什么不叫聪聪
30	你去过赌场吗
30	这么有趣啊
30	你认识徐俊吗
30	哪里
30	海尔滨现在几度！
30	妈妈说了什么
30	你能识别语音吗
30	从哪回来
30	结婚了吗
30	谁在和你对话
30	你妹叫傻傻么
30	刘一佳是谁
30	王石的事你怎么看
30	巩捷甫是谁
30	要回应的这么贱么
30	我上课骂了学生怎么办
30	万里鹏是谁
30	我问你怎么走
30	是说我好吗我逗你玩儿
30	李亚丽的工作是什么
30	怎么看见的不可能
30	问问你做什么呢
30	我国是谁
30	管我什么事
30	长者也在吗
30	不多不要紧都会什么
30	宝宝你不是很小吗
30	你是不是看不懂啊
30	你在什么地方
30	白天干什么
30	午饭怎么办
30	谁美
30	你不喜欢哪个颜色
30	谁告你我的名字的
30	你有喜欢的人吗
30	你告诉我为什么
30	你也是什么
30	孔宁是不是傻逼
30	单个词是什么情况
30	是不是只要我说话你就说话
30	为什么欺负你
30	你再给我推荐几本书
30	爸爸妈妈你最喜欢谁
30	绿色的啥
30	怎么教你变聪明
30	为什么要想你
30	企鹅啥
30	有什么用呢
30	谁骂你
30	什么评论呀
30	什么理由
30	你知道我的名字吗
30	但还是很差
30	你明白什么
30	蛋糕好吃吗
30	你们好吗
30	你知道我几岁
30	你学什么的？
30	你是讲故事呢吗你是报幕呢吧
30	你是什么意思呀
30	现在在哪
30	谁写的你
30	知道么
30	哎，你还是没有上下文啊
30	汪意发是谁
30	你现在在哪
30	你的性格怎么样
30	你认识我吗
30	你认识siri吗
30	哪里找小姐
30	我去烟台有高铁吗
30	诗中共出现了几种颜色
30	你是医生吗
30	谁傻
30	你谈过吗
30	有什么好听的歌
30	你有什么梦想啊
30	太阳像个什么
30	微信是干啥的
30	你认识微软小冰么
30	跳的人我想要了吗
30	你有几个小妹妹
30	买几瓶
30	你有压力吗
30	你只会说这些吗
30	说说吗
30	你能分析上下文吗
30	什么零食
30	什么是色
30	哪个倒霉孩子给你起这个名儿
30	你会下象棋吗
30	你是好人吗
30	你除了喜欢我害羞的样子还喜欢我的什么呢
30	今天天气怎么
30	怎么不懂讲晚安呢
30	怎么操作
30	青蛙在做什么
30	再问一遍谁是最美的人
30	你不下去么
30	你就是你为什么会打字儿啊
30	啥时候长大啊
30	如果遇见狼呢小马还会让狼上车吗
30	天气怎么样
30	你好像没理解我我真的在倒时差有什么可以让我睡觉的方法么
30	你可以二十四小时陪我聊天吗
30	嗯我帮你啥
30	小雨像什么
30	你是男是女还是人妖
30	刚才你说你叫啥来着
30	你不是人吧我怎么觉得你是人呢
30	宝宝你这是在卖萌吗
30	还能聊点啥呢
30	哪里可爱了
30	色情暴力吗
30	怎么教你
30	你哪人啊
30	麻辣串应该是四川的吧不是哈尔滨的哈尔滨应该吃的是不胖葫芦吧对不对还是北京啊
30	嗨吃晚饭了吗
30	你有妹子吗
30	要怎么打你
30	哈哈哈干什么也想你到底是不是本
30	你平时吃什么
30	是不是有点长
30	can you speak English?
30	张思文是不是大美女
30	你好女儿这几天有空整理了一下日本她想去的地方麻烦看一下去这些地方大约几天是否可行报价多少非常感谢
30	水里有什么
30	汪进祥怎么样
30	这么夸张
30	爱我什么
30	我说什么
30	基哥喜欢我咋办
30	你喜欢有钱人吗
30	雨点怎么样
30	你知道谁是谢志伟吗
30	你会唱歌吗来一首
30	你早上一般几点起床
30	怎么这么多鸡汤
30	笨笨生气了吗
30	你爱吃吗
30	你叫什么啊
30	你知道水吗
30	我没去哪儿啊
30	我是你什么人
30	你家人有谁
30	喝酒吗
30	笨笨我不喜欢你这个名字你可以给自己换一个么
30	想去哪
30	小笨近来好吗
30	我美么
30	我说不怎么喜欢吃辣的
30	鸵鸟第一件宝贝是什么
30	我给你打电话行吗
30	这么严肃的事为什么好笑呢
30	768的女朋友是谁
30	可是我不喜欢你了两个亿你你一点也不忙啥子
30	天空什么颜色
30	我女儿想去哪里
30	我也是总是困怎么办
30	谁为含愁独不见
30	你父母是谁
30	提是谁
30	你知道什么的什么是什么吗
30	你的啥啊
30	男朋友总借钱怎么办
30	你为什么这么开心
30	陈楠帅吗
30	你这么厉害呀
30	蒋能能是谁
30	什么太美了
30	哪个饭店好吃
30	明天想吃啥呀
30	你能干嘛？
30	什么东西
30	你希望我分手吗
30	在哪里出门右转
30	你忍心吗
30	干嘛好
30	直接点什么时候找到对的他
30	笨笨你看过片吗
30	这么聪明
30	你会唱歌么
30	不这样称呼你怎么样呢
30	你是巧妇还是米
30	一年和吗
30	能安慰安慰我吗
30	完了你和多了你在哪里自己都不知道咯
30	吃完饭之后干什么
30	是谁开发了你
30	爱什么
30	你都能回答我什么问题
30	多少钱
30	你包邮吗
30	你认识裘实么
30	你会喝酒吗？
30	你猜我几岁了
30	你竟然还知道什么是骂人
30	你愿意做娟的女朋友吗
30	你喜欢吃什么呢
30	你来自哪个星球
30	我前任男朋友你猜是什么职业
30	你知道叶哲是谁吗
30	你什么时候去北京
30	人们夸奖谁
30	你有牙吗
30	漂亮和丑你是哪个
30	你在哪里上学啊
30	还是笨笨的
30	你的好朋友是谁
30	笨笨谁设计了你
30	我说的倒数第三句话是什么
30	秋娃娃写信给谁
30	我在韩国你在哪里
30	谁的尾巴短短的
30	你能干什么啊
30	我人品好吗
30	你是不是呆萌啊
30	唱一下你是谁
30	那你想当男生还是想当女生
30	聊些什么呢
30	你咋知道
30	叫你笨笨你敢答应么
30	你知道北京他们吗
30	你都不知道几点
30	你是啥啊
30	你爸爸好吗
30	这不是你的名字吗😂
30	北京的天气好吗
30	你是不是被我弄疯了
30	你考试挂科怎么办
30	这么任性
30	什么季节
30	这是谁唱的歌？
30	那你现在可以干啥
30	你的父母是谁
30	他教你这么说的呀
30	我可以帮你吗
30	吃药了吗
30	什么时候咱俩见一面吧
30	那是啥
30	会英文吗
30	开车吗坏笑
30	那你怎么提高自己呀
30	你会唱歌吗
30	你玩什么游戏打野
30	那你为什么不修
30	你喜欢玩什么游戏啊
30	多推荐几个吧
30	你怎么知道我不知道
30	在哪吃
30	我在想怎么回去比较好
30	为啥要刷盘子呢
30	我在跟你聊天儿吗
30	小燕子要去哪里
30	你研发团队有些谁
30	然后你转了么
30	你孝顺父母吗
30	现在不是这个时候大好吗我的大还有没有什么时光网
30	那你愿意吗
30	你是猪还是牛呀
30	你觉得我美吗
30	你体重超重了吗
30	是的咯还是笨笨最好
30	你有男朋友吗
30	恐龙用尾巴干什么
30	你爱玩吗那我也不要听你话了吗
30	对了吗
30	和配么
30	这是啥啊
30	聊不下去了怎么办
30	丰田车在哪里生产的？
30	那你教我怎么搭讪好了
30	你家在家还是如家
30	唠什么
30	还是想知道你能做些什么
30	你可以做什么
30	学什么
30	丁效是谁
30	你喜欢什么类型的女人
30	吃啥药
30	你说啥呢
30	为什么睡不着
30	散货演绎的作者是谁？
30	你有伙伴吗
30	一晚多少钱
30	哈喽好久不见你开心吗
30	你需要吃东西吗
30	哪里哪里
30	沈阳吃什么除了粘豆包烤冷面焖子沈阳吃什么除了粘豆包烤冷面焖子
30	找你干什么
30	你怎么不害羞呀
30	你有什么特长
30	你喜欢老师吗
30	叶哲是你的谁
30	你喜欢吃便便吗
30	我帮妈妈洗什么
30	为什么要请你
30	我是学渣吗
30	你出生在哪
30	那那个什么你真是好可爱的小猫呀
30	男人好吗
30	你会查火车票么
30	你为啥叫笨笨
30	为什么工数大物学不会
30	那你喜欢做机器人么
30	那是怎么了
30	呲牙你不是说你好聪明吗
30	杜雨萌学姐是谁
30	你是男生还是女生
30	你成长了多少
30	周末去哪玩
30	你啥时候出现的
30	你都会啥啊
30	何超盈是谁
30	你能帮我写作业吗
30	卧槽一个答非所问的AI有什么用
30	不想上班怎么办
30	哦买噶谁开发的你这么猥琐
30	买的什么
30	唉你叫什么名字
30	还要脸吗
30	这个没什么吧
30	什么时候去
30	你知道我喜欢哪个女生吗
30	图灵机器人也不知道是什么耶
30	你是不是中文比较差
30	A是什么
30	还是不用了吧
30	那你最爱的人是谁
30	有体育方面的吗
30	你会做菜吗?
30	哪里有小猫
30	那你是不是很苗条呢
30	谁在雪里跑
30	那我要怎么做
30	哎你好我的梦想是什么
30	能介绍一下吗
30	我咋不知道这事儿呢啊明星啊之心知肚明啥意思
30	哪家店比较有名
30	讲个笑话吗
30	这么装逼
30	笨笨你的底层是基于什么算法啊
30	你知道小宝宝上幼儿园哭吗
30	那你告诉我你几岁才好交朋友
30	我如果说一句什么你才不会回复
30	你是男机器人还是女机器人
30	你怎么知道呢
30	喂喂能听我说话吗
30	为什么夸奖我
30	什么时候开发出来的
30	都有啥啊
30	你能安慰我吗
30	恋爱着东西很玄虚，谁都说不准
30	谁制造的你啊
30	可什么爱我在骂你好吗
30	你萌吗
30	啥叫换手机如换衣服啊
30	很晚了你不睡觉吗
30	你喜欢什么啊
30	室友秀恩爱怎么办
30	你是詹黑吗
30	你认识宫庆红么
30	你是不是啥
30	啥道理
30	孙晓飞是谁
30	哪有雪
30	你出钱吗我没有钱
30	喜欢吃什么
30	大海个小河哪个大
30	嘿干嘛呢
30	小朋友的妈妈是谁
30	出门去年是个这么快呀
30	你爱哈工大吗
30	是我是说你有几个兄弟姐妹不是你自己说
30	为什么叫这个名字
30	这么多回答不了的问题
30	你的性别是什么
30	北京下雨了吗你个蠢蛋
30	小是什么
30	马家沟是个好学校吗
30	干嘛弄疯你啊😌
30	你有绳命吗
30	你好吗你好吗好吗
30	干嘛去？
30	你信什么
30	怎么找女朋友
30	你怎么样会开心
30	谁在买扇子
30	力气大的蚂蚁在干什么
30	西方谁可以谈笑风生
30	你怎么总是失误
3	查询恒光电影院即将上映的电影
3	附近电影院。
3	我想知道环球影视明天播放什么电影
3	查找卢米埃银泰电影院有播放什么好看的电影吗
3	热门电影有哪些啊？
3	最近在播什么电影？
3	有没有新出的电影了。
3	苏电影我们都是坏孩子。
3	最近的新电影有哪些？
3	搜索合肥左岸国际电影城。
3	最新的热门电影是什么呀？
3	电影院有什么电影？
3	搜索一下热门电影。
3	最近有什么热门的电影？
3	查询众乐电影院最热门的电影
3	最近有什么新片子？
3	查一查上影电影院即将上映的影片
3	哦哦，查一下香港最新上映电影。
3	找下最近最热播的电影。
3	给我查一下最近在播哪些电影
3	我要看热门电影。
3	搜索热门电影。
3	那你查一下最近的热门电影是什么？
3	最近有什么新上映的电影啊？
4	新建联系人张三电话号码一二三四五
4	黄狼。
4	把张玉娟的手机号码发送给吴伟
4	潘靖的电话是多少
4	新建联系人买当唠4008 517517
4	新建联系人天天
4	新建联系人王满秀幺三七 六四零七零二九五
4	新建联系人王义勇幺三八六零零幺九四九零
4	新建联系人孙晓飞幺三八三八四四三八九五
4	查找张伟军
4	把平水相逢的手机号码发给8000
4	把小新的号码发给徐云蔚
4	新建联系人振华奎号码是幺三五零八九四九三幺二
4	把徐程的电话发给吴芳
4	把哥哥的电话发给殷龙
4	把李文鼎的号码发给谢服全
4	把侨天慧的号码发给副卡
4	查看婷婷的号码
4	新建联系人张雨号码是五六七
4	周慧的电话。
4	把唐玉明的手机号码发给李康
4	查看王老师的号码
4	新建联系人18622625490
4	把李志强的号码发给贾洪鉴
4	新建联系人姓名张三号码一二三四五六七八
4	查寻标兵的号码
4	把许琦彪的号码发给徐鹏
4	添加一条通讯录姓名葛勇手机号码189571642496
4	把王世怀的号码发给乔丽君
4	把张新涛电话发给常胜宾
5	请问意大利面怎么做
5	怎么做卤猪脚
5	烤肉串。
5	油焖大虾怎么做
5	人造鸡蛋的配方。
5	简单的，糖醋排骨怎么做？
5	松菜鱼怎么做？
5	米粉怎么炒？
5	牛骨汤
5	冷面的做法。
5	蛋炒饭怎么煮
5	扁豆豆角怎么烧？
5	山寨鱼怎么做？
5	怎么炒南瓜？
5	能山药怎么做？
5	瞌睡鱼怎么做？
5	蒸鱼。
5	煮咖喱饭。
5	盐水鸭怎么做？
5	红烧猪脚怎么做啊？
5	葱爆羊肉的做法。
5	冯沙排骨怎么做？
5	给我讲个笑话吧，鱼香肉丝怎么做？
5	炖鲢鱼怎么做？
5	孙翠鱼怎么做？
5	大骨汤的做法。
5	陈醋排骨的做法。
5	辣酸菜鱼怎么做了。
5	披萨的做法
5	酱茄条做法。
5	炒鸡蛋，需要，哪些材料？
5	你真笨，是四喜丸子怎么做了。
5	鸽子，怎么做最好吃？
5	白灼菜心怎么做？
5	菠萝咕老肉的做法
5	红枣鸡汤怎么煲？
5	干锅排骨虾怎么做？
5	炒四季豆。
5	麻辣烫做法。
5	凉拌海带
5	鱼香肉丝，怎么做得？
5	红烧排骨怎么做？
5	登录不行，做烧鸡公学，我爱你！
5	卤猪蹄怎么做？
5	帮我搜索一下有什么家常菜？
5	怎么炒番茄炒？
5	可乐鸡翅是怎么做的
5	你会不会做蛋糕只能回答哦。
5	南瓜饼的做法。
5	干锅排骨怎么做？
5	水饺的做法。
5	白灼基尾虾的做法。
5	海参怎么做？
5	还路阻少茶汤的做法。
5	银耳莲子羹。
5	帮我查一下可乐鸡翅怎么做？
5	水果沙拉怎么做？
5	赵包子怎么做的，你？
5	故宫鱼怎么做？
5	冰糖葫芦怎么做？你？女子。
5	爆炒猪肝怎么做？
5	如何做芝麻糊。
5	不蒸了牛肉丸
5	做鱼怎么做？
5	黄豆猪蹄汤。
5	火腿肠怎么炒好吃
5	嗯，知道红烧肉怎么做？
5	鸭蛋怎么腌？
5	土豆炒肉丝的做法
5	馒头怎么做吗？
5	要怎么煮饭。
5	怎么样？做红烧肉。
5	啥婆豆腐的制作方法
5	炒豆腐。
5	如何做西红柿炒蛋。
5	白面粉可以怎样做饼？
5	回锅肉做法。
5	土豆丝是怎么炒？
5	松菇鸡汤的做法。
5	菠萝包怎么做？
5	土豆的做法
5	鱼要怎么煮才好吃
5	手抓饼的做法。
5	怎样炒肉。
5	土豆粉怎么做？
5	怎么做炸鸡
5	怎么烧西红柿炒蛋
5	我说白鱼怎么做
5	面包的配方。
5	风魔炒鱼香肉丝。
5	夫妻肺片怎么做？
5	凉皮的制作方法。
5	可乐鸡翅怎么做呀晚点告诉我。
5	怎么做鱼呢？
5	排骨堡汤的做法。
5	狗光鱼怎么做？
5	我要操虾米的做法。
5	怎么做洋葱炒蛋？
5	嘉兴粽子。
5	干豆角怎么烧？
5	烤牛排怎么做？
5	搜索，西米露的做法。
5	红烧猪蹄怎么做
5	怎么做炸鸡腿？
5	葫芦鸡怎么做？
5	四川美食。
5	帮我找一下凉拌海蜇的做法。
5	家常凉菜怎么做？
5	然后等你杀猪菜怎么做？
5	凉面。
5	田螺怎么炒啊？
5	红烧土豆怎么烧？
5	川崎玫瑰的制作方法
5	番红烧肉的做法。
5	罐焖牛肉怎么做？
5	牛肉的做法。
5	石螺怎么煮
5	红烧芋头做法。
5	的，酸菜鱼怎么做？怎么？
5	西红柿炒蛋怎么煮？
5	甲鱼，邓鸡，如何制作。
5	胖鱼头怎么烧？
5	金酱肉丝的做法
5	星光做西红柿炒鸡蛋呢！
5	烤鸡翅怎么做？
5	西兰花怎么做？
5	新奥尔良烤翅的做法
5	鱼香肉丝肉怎么做？
5	如何做煎饼。
5	语音火锅怎么做啊？啊？
5	猪肚鸡怎么做啊？
5	做红烧鱼的步骤。
5	糖醋鲤鱼怎么做？而？
5	西红柿炒鸡蛋做法。
5	说话，给我搜一下做苹果麦片粥是怎么做啊？
5	慕斯的做法。
5	蒜苔的做法
5	酸菜鱼怎么煮啊？
5	给蛋炒饭怎么做？
5	回锅肉。
5	铁板烧怎么做？
5	坐宫保鸡丁需要哪些材料？
5	大闸蟹的做法。
5	葱烧海参怎么做
5	草虾尾怎样做。
5	苦瓜要怎么做比较好吃
5	肉肉怎么腌制？
5	到了有鲈鱼怎么做？
5	你酸辣土豆丝怎么做？
5	红烧排骨怎么做的吗？
5	红烧狮子头怎么做
5	我说铁锅炖羊肉怎么做？
5	欧树的叶子怎么炒？
5	恩，红烧土豆怎么做我想学？
5	酸菜是怎么做的可以用塑料布。
5	怎么做煎饼？
5	鱼的做法
5	蛋糕可以做蛋糕吗？
5	醉虾的做法。
5	做糖醋排骨
5	咖喱牛腩怎么做
5	小杰炖蘑菇怎么做？
5	做南瓜饭
5	土豆饼怎么做啊？
5	排骨怎么弄才好吃？
5	做红烧肉要哪些材料呀！
5	王志排骨怎么做
5	啊，青椒炒蛋。
5	我想知道皮蛋瘦肉粥是怎么做的
5	猪舌头怎么做比较啊子？
5	怎么做京酱肉丝。
5	福寿鱼做法。
5	鱼香肉丝，怎么做？不？
5	茄子鸡蛋怎么做？
5	教我怎么做红烧肉
5	如何炒花生。
5	请告诉我清蒸桂鱼怎么做？
5	新疆大盘鸡的做法。
5	基尾虾怎么做？
5	煲鸡汤呢
5	凉菜是怎么做的？
5	凉拌菜
5	那烤箱做面包怎么做？
5	民间小炒肉的做法。
5	昌鱼的做法
5	怎么做冰激凌？
5	青鱼的做法。
5	鸡怎么做才好吃？
5	凉拌海蜇怎么做好吃？
5	意大利面。
5	如何煮牛肉饭。
5	说萝卜怎么做？
5	红烧排骨怎么做？啊？
5	海星的做法。
5	阳澄湖大闸蟹的做法。
5	肉沫茄子，怎么做？
5	虾仁饭。
5	蚝油生菜的做法。
5	馄炖怎么做？
5	做红酒怎么做啊？
5	酸菜鱼怎么做啊
5	土豆烧肉。
5	黑菜扣肉的做法告诉我一下啊！
5	请帮我找一下酸菜鱼的做法
5	猪肉怎么做？
5	鱼香肉丝，怎么做？买？
5	炖肉
5	过油肉土豆片怎么做？
5	烧排骨汤需要什么调料？
5	草莓芒果西米露。
5	米饭怎么做
5	怎样做糖醋排骨时，去吃饭洗澡了。
5	臭豆腐汤怎么烧？
5	鱼怎么做莱
5	想做蛋糕。
5	瘦肉粥。
5	白切鸡怎么做啊？
5	培根金针菇怎么做？
5	米粉肉怎么做？
5	做面包的配方。
5	教我做馒头。
5	虾炒蛋怎么做？
5	怎么做水煮鱼店？
5	久久鸭怎么做？
5	送黄炒鸡蛋怎么做？
5	猪肉灌汤包怎么做？
5	秋葵怎么做？
5	螃蟹怎么蒸？
5	腊鱼。
5	自演艺，羊肉怎么做？
5	炸馒头片
5	有什么特色美食。
5	红烧猪脚
5	恒宇乐活鱼怎么做的好吃的回复哦，你。
5	酸菜鱼的做法，妈。
5	烤鸭，啊！
5	怎么煮面才好吃呢？
5	牛肉面，哦。
5	酸辣汤的做法。
5	做蛋挞怎么做
5	那做红烧鱼需要哪些材料啊？
5	鱼肉怎么做？
5	帮我查一下红烧肉的做法
5	冰糖雪梨
5	红薯粉的做法，了。
5	红豆沙怎么做？
5	红烧鱼块。
5	煮面怎么做？
5	又热炒鸡蛋怎么做？
5	花格等蛋的做法。
5	豆腐花的做法。
5	蒸鸡蛋糕
5	怎样蒸排骨最好吃的。
5	红烧肉怎么做？嗯？
5	狗肉怎么做？
5	四喜丸子怎么做？
5	甜酒怎么做？
5	你给我讲讲红烧肉的做法。
5	辣，兰州拉面的配方。
5	怎么弄红烧肉哦？
5	a排骨怎么做好吃？
5	紫菜蛋花汤。
5	求米线怎么做？
5	红烧肉的做法，a。
5	牛肉怎么煮才好吃？你？
5	青椒肉丝怎么做怎么炒？
5	怎么做饭好吃？
5	椒盐排骨怎么做？你？
5	鱼香肉丝哦
6	旧金山几点几分
6	今天农历是多少
6	查询日期
6	现在是两点了吗
6	还有多少天过年
6	现在星期几
6	哪天清明节
6	现在几号
6	元宵节还有几个星期
6	哪一天国际牛奶日
6	还有多少分钟12点
6	植树节是什么时候
6	多少月之后就是过年了
6	明天上午9点距离现在还有多久
6	明天什么日子
6	武汉的精确时间是
6	看看现在几点几分
6	时间现在的
7	帮我转发邮件
7	发邮件给莹莹说我好困我想睡觉
7	我想全部回应
7	帮我写个邮件
7	我想要转发这封邮件
7	我要写条新邮件
7	我要查看邮件
7	替我查看新邮件
7	帮我写一封邮件
7	替我答复这条邮件
7	我想全部回复
7	全部应答
7	我要全部回复
7	我想要转发这条邮件
7	发邮件给晶晶
7	我想写一个新邮件
7	转发这条mail
7	我要答复邮件
7	我想答复这个邮件
7	替我打开新邮件
7	帮我写一条新邮件
7	给我写一个新邮件
7	我要回复这条邮件
7	给我打开mail
8	中央一套什么时候有建党伟业
8	湖南卫视放什么节目？
8	周二电影。
8	现在哪个台在播放剧情电视剧
8	我要看湖南卫视快乐大本营
8	世界地理的节目单
8	看当前直播的比赛
8	现在电视台在放什么节目
8	查查最近一周CCTV-4美洲有放我爱记歌词么
8	湖南卫视娱乐节目。
8	湖南台演什么节目
8	今天湖南卫视的电子节目单
8	中央电视台一套现在放什么节目？
8	能不能看当前的中超联赛
8	非诚勿扰什么时候演啊
8	我想看中央六台的电影。
8	中央四频道火箭兜风
8	找找非诚勿扰什么时候结束
8	央视少儿频道的节目的
8	你，湖南卫视正在播出什么？你。
8	现在湖南卫视放什么电视？
8	搜索电视剧爱情悠悠药草香在哪个频道首播？
8	看看今天有什么好看的节目？
8	电视台在播什么节目
8	央视综合频道昨晚的节目单
8	今晚什么节目呀？
8	CCTV-5节目表
8	爱笑会议室什么时候播放
8	安徽卫视今天晚上放什么？
8	回看烽火佳人回看安徽卫视烽火佳人
8	哪个台在放甄嬛
8	chc高清电影昨天晚上的节目
8	现在最好看的电影。
8	查查13年的一站到底
8	今天电影频道演什么
8	帮我查找一下今天晚上有什么电视节目？
8	咱们结婚吧什么时候播出
8	焦点访谈什么时候播
8	BTV生活节目选择回放
8	今天有些什么电影？
8	安安昨天11:07的风华国乐
8	北京体育频道明天的节目单
8	昨天的北京新闻
8	东方高清台的节目单
8	哪个电视台在放神雕侠侣。
8	中央电视台少儿频道大耳朵图图
8	上海东方卫视现在在播放什么？
8	今晚安徽卫视有什么节目
8	国防军事频道2天后播捍卫者
8	电影频道明天放什么
8	湖南卫视明天播什么节目
8	少儿节目中央少儿节目
8	北京卡酷熊出没
8	最近1周北京电视台-4有转播X女特工呢
8	CCTV-10的百家讲坛
8	哪个频道演爸爸去哪儿
8	哪个电视台在演叶问。
8	蒽蒽江苏卫视有什么好节目吗？
8	上周六发现之旅有演星跳水立方呢
8	给我查下明天凌晨在放妈妈来了
8	收看安徽卫视节目。
8	什么电视台什么时间有转播仁心解码2
8	安徽电视台12月18号晚上10:10的电视剧
8	环球旅游明天有演我爱饭米粒
8	看中央七频道讲武堂节目
8	六台有什么节目
8	给我看看什么时候有播盛夏晚晴天
8	今晚有什么节目啊？
8	帮我查一下今晚中年中央六台放什么电影？
8	现在哪个频道播放电视剧
8	电视台放什么
8	现在有什么好看的电视剧？
8	熊出没是几点开始播放。
8	哪些台在放电影
8	影视频道有什么节目
8	哦，安徽卫视今晚放什么节目？
8	书画频道上周六有开始非诚勿扰么
8	可不中央五套明天的节目单
8	河南卫视节目单。
8	现在电视台在播什么
8	给我查一下什么时间有播放天天向上
8	现在有什么好的电视剧。
8	那中央六台明天演什么节目
8	央视三台现在播放什么节目
8	现在中央一台在播什么节目？
8	回看安徽卫视烽火佳人
8	给我搜搜什么电视台什么时间有转播神探高伦布
8	搜索湖南卫视直播。
8	我回去看昨天晚上播出的爸爸去哪儿31频道
8	查查什么时候放百变大咖秀
8	昨晚哪个频道有张艺谋出演的电视剧
8	8点河北卫视播放过恋了爱了
8	现在热门的电视剧是什么
8	昨天晚上湖南卫视演什么
8	中央六台有什么节目
8	今天什么好看电影？
8	BTV北京频道打狗棍
8	搜一下CCTV74月15号播出新编辑部的故事呢
8	什么时候有西游记呢？
8	周六晚上重庆卫视有转播神探高伦布吗
8	快乐大本营什么时间播？
8	电视台现在在播放什么大陆动漫
8	明天晚上湖南卫视演什么电视剧
8	我昨天晚上的今日关注
8	北京台有什么好电视
8	回看上周末早上8点的湖南卫视
8	前两个星期时代出行有播X女特工呢
9	济南到重庆的航班。
9	厦门到上海的机票
9	查询一下明天广州到武汉的航班
9	帮我订一张杭州到上海的机票
9	查寻合肥到北京的航班
9	明天回广州的航班
9	八月十号从重庆到武汉的航班
9	济南到汉中的飞机票
9	儋州到海口的航班
9	广州至南宁航班。
9	查询厦门到武夷山的航班
9	查一下从南京到上海的航班
9	查询今天成都到北京的航班
9	明天珠海到青岛的航班
9	南昌到广州飞机票
9	查询后天成都到伦敦的航班
9	明天去桂林的航班。
9	7月30号去深圳的航班。
9	南京到成都的机票
9	明天去南昌的航班。
9	查一下明天合肥到北京的航班。
9	7月25号去上海的航班。
9	去北京有什么飞机
9	明天长沙到上海的航班
9	大连飞往上海的航班
9	从威海到苏州的飞机
9	青岛到广州航班
9	给我定一张株洲到深圳的机票
9	搜索武汉到南京的机票
9	上海飞往北京的航班
9	帮我查一下杭州到长春的飞机航班
9	查一下澳门到吉隆坡的飞机
9	后天去武汉的航班
9	查询4月1号从武汉到广州的航班
9	上海到青岛的飞机票
9	帮我查一下广州到长沙的航班
9	明天去深圳的飞机
9	贵阳到哈尔滨飞机
9	去伦敦的航班
9	西昌到成都的航班
9	晋江到武汉的航班
9	汕头到重庆的航班
9	九月二十六号从深圳到宁波的航班
9	四月二十日合肥到深圳的航班
9	到武汉的航班
9	查询上海到玉林的航班。
9	从从合肥到北京的航班
9	从厦门到昆明的飞机
9	到北京的飞机。
9	帮我查一下深圳到桂林后天的机票
9	查一下明天晚上17点30分从上海飞往珠海三灶机场的飞机
9	帮我查一下明天广州到北京的航班。
9	八月十一日从厦门飞往上海的航班
9	查一下济南到成都的航班
9	南航1003
9	帮我查一下明天南昌到广州的飞机票
9	查询广州到海南的航班
9	查询明天南阳到上海的航班
9	八月一号去上海的航班
9	上海到淮安的飞机
9	明天温州到上海的航班。
9	请查询一下深圳飞往上海的航班
10	宫外孕怎么办？
10	得了肝癌怎么办？
10	发烧好吗？
10	咳嗽怎么治？
10	狐臭怎么治？
10	给我查一下，乳腺增生怎么治疗？
10	。咳嗽
10	胃炎怎么治？
10	肠易激综合征。
10	沙眼。
10	颈椎病用什么药物治疗？
10	甲型肝炎。
10	耳鸣怎么办
10	骨折了怎么办？
10	介绍一下尖锐湿疣
10	甲亢怎么办？
10	如何治疗颈椎病。
10	包皮过长，怎么办？哦。
10	胆结石怎样治疗。
10	胃溃疡。
10	大肠癌
10	白带异常。
10	关节痛怎么办？
10	肾炎需要注意什么？
10	怎么治感冒？
10	肾虚怎么治疗
10	脑瘫
10	静脉曲张怎么治疗？哦？
10	类风湿怎么治？
10	发烧。
10	怎么治疗牛皮癣
10	我是个女的，你知道怎样治脱发吗
10	得了艾滋病怎么办
10	咳嗽怎么办
10	得了灰指甲怎么办？
10	前列腺炎该怎么治？
10	梅毒怎么治疗？
10	如何治疗龟头炎。
10	偏头痛怎么治？
10	包皮过长怎么办啊？你。
10	失眠怎么办呀
10	怎么治疗口腔溃疡呃呃呃
10	肾积水怎么治？
10	湿疹怎么处理？
10	乳腺炎。
10	尿道炎怎么办
10	近视眼怎么治疗
10	头晕该怎么办？
10	肩周炎怎么治？
10	甲亢。
10	包茎怎么办？
10	截瘫吧
10	淋病怎么办
10	如何治疗感冒
10	肩周炎，要怎么治疗。
11	帮我查一下今天开奖的15选5
11	我要买彩票。
11	搜索大乐透的中奖号码
11	帮我查一下2013年2月8日开奖的15选5中奖号码
11	查七乐彩开奖结果
11	提供一张大乐透
11	查看七乐彩的得奖号码
11	上一期双色球开什么
11	大乐透中奖号码为
11	看看大乐透的得奖号码
11	我要查彩票的开奖信息。
11	看一看大乐透的信息
11	帮我查一下15选5开奖结果
11	本期七星彩的中奖号码是多少？
11	搜索15选5的号码信息
11	七星彩
11	帮我购买2注大乐透的彩票
11	查看大乐透玩法的开奖
11	搜索七乐彩的公示号码
11	买三注星期四开奖的七乐彩
11	我要购买七乐彩
11	帮我查一下上一期的大乐透
11	双色球的开奖号码是多少？
11	大乐透的开奖情况
12	到太湖怎么走
12	去常州武进路线
12	湖里公园在哪里
12	带我去丹阳市眼镜市场
12	从南京到亳州怎么走
12	上海到苏州
12	美国大使馆在哪
12	华晶小学在哪里
12	去科大讯飞怎么走
12	导航到佛山大良汽车站
12	松江钢材城在哪里
12	我想到科大讯飞怎么走
12	去湘江
12	合肥百货大楼在哪里
12	往火车北站怎么走
12	辽宁大连在哪里
12	到步行街不走高架的路线是哪条
12	到鼓楼怎么走
12	合肥的大润发在哪
12	怎么去泉城广场
12	到合肥市逍遥津公园怎么走
12	沿途有没有加油站
12	到环都大酒店怎么走
12	到公园怎么走
12	我要去姜堰
12	六安市飞云卫生院在哪里
12	科大讯飞在哪里呀
12	从这里到市中心怎么走
12	查询北京到上海的路线
12	讯飞语点我现在在哪里
12	春熙路怎么走
12	怎么去龙阳路
12	到郑州火车站
12	宁波机场在哪里
12	从二手车市场到八一广场怎么走
12	帮我查一下合肥市三孝口在哪里
12	我所在地理位置
12	帮我搜一下科大讯飞在哪
12	查询沿途的KTV
12	郑州火车站怎么走
12	鹰潭到景德镇
12	从我这里到科大讯飞走高速路线
12	到薛城区怎么走
12	南京火车站到南京农业大学
12	告诉我西安的位置
12	去汽车南站怎么走
12	人民公园在哪里
12	查一下到长途汽车站去的最省钱的线路
12	我们现在在什么地方
12	从我这里去芙蓉区政府怎么去
12	南光集团怎么走
12	导航到山东省菏泽市王浩屯镇
12	昆山大润发在哪里
12	帮我找到去安徽黄山的路
12	到科大讯飞怎么走更快一些
12	从新加坡花园怎么去宁溪路
12	从观音桥到重庆市图书馆怎么走
12	导航到建八路
12	平阳怎么走吗
12	移动公司在哪里呀
12	广东省英德在哪里
12	湘潭到常德怎么走
12	查一下沿途的科大讯飞
12	你知道中国科技大学在哪里吗
12	从连云港到北京该怎么走
12	宁乡到长沙怎么走
12	带我去新都会
12	导航去科大讯飞
13	7月13号广州恒大俱乐部的比赛有哪些
13	北京国安的赛程。
13	播放，青岛中能的赛程。
13	中超比赛结果，今天呢？
13	中超比赛时间多少啊？
13	我要听中超第二十，八轮的结果。
13	江苏舜天队这个星期的比赛时间给我找出来
13	北京国安5月23号比赛和谁踢
13	2013年中国男足，主要赛程。
13	中超比赛，结果。
13	查询中超赛事。
13	热火NBA季前赛的那个赛程。
13	哦，中超比赛时间三比五。
13	中超比赛时间，我。
13	我想看足球中超，第25轮的比赛时间。
13	上海申花的赛程。
13	广州恒大亚冠联赛，比赛时间。
13	NBA比赛时间。
13	中超赛事预告吗？
13	广州恒大的赛程。
13	中超A组比赛结果分别是多少
13	帮我搜一下中超3月份的对阵情况
13	恒大山东鲁能比分是多少？
13	国足最新赛程。
14	发信息给盛吉
14	给许浩发一条短信
14	发短信给叶少云晚上要不要出去玩
14	给杨燕姐发短信
14	发短信给上海浦东发展银行　95528
14	给张大萍发短信
14	发短信
14	发信息给老妈说我在吃饭
14	给刘三发短信说我今天没有空
14	发送短信给东莞李月华就说今天赶紧回来
14	给晓琴发短信你在干吗
14	给庄小雷发短信
14	给于海洋发短信
14	给张金波发短消息今天中午一起吃饭
14	发信息给陈明哲
14	给谢小培发短信今晚一起吃饭
14	发信息给苏建江
14	发短信给刘文说明天下午五点有聚会
14	给黄尚君发短信
14	给丹丹发信息我一会儿就回来别等我了
14	发短信给张三说“画皮2在哪个台播出”
14	给张倩倩发短信
14	发短信给幺八六六七九零三五八零
14	发短信给张三我明天去北京
14	给靖哥哥发短信说我不回来吃饭了
14	发信息给许路雨
14	发短信给啊妈说车票买到了
14	发短信给姐姐说晚上一起吃面条
14	我现在要发一条信息
14	给刘志发短信
14	给刘西发短信
14	给严巧发短信
14	给梁辉坚发短信
14	给张克达发短信
14	给姐姐发短信我今天晚上晚点回去你就别等我吃饭
14	发短信给幺五八三七五幺幺幺四幺
14	给何建琴发短信
14	给周玉发短信
14	给马翊桐发信息
14	发短信给贤想快点给我送早饭开门我饿死了
14	给杨斌发短信
14	给原波发短信
14	给秦丽香发信息
14	把王建春的电话号码发给张学政
14	发短信给王亮说死人你在干什么呢
14	给黄杠发短信
14	发信息给熊伟
14	帮我发条短信吧
14	给青发短信
14	发短信给王小露的
14	给园园发短信
14	发信息给学超
14	发短信给幺零零八六内容是十一
14	发信息给董昊老婆
14	呃发信息给周玉豪
14	发信息给健美
14	给王帅发个短信说他让他起来尿尿
14	给小阳发短信
14	发条短信给张亚东
14	发信息给老婆说我不回家吃饭了
14	发送短信给陈群
14	给杨李鹏发短信
14	给德师傅发短信
15	播放老婆最大。
15	随便唱几首歌吧
15	我想听歌曲传奇
15	帮我找一首我的好兄弟
15	我想听老婆这首歌
15	播放眼色
15	随便来首刘德华的歌。
15	我想听想唱就唱
15	我想听情花开这首歌
15	放歌，天亮了。
15	我要听还是会这首歌
15	搜索歌曲公路
15	播放黑猫警长。
15	来首只爱你一个。
15	我想听水墨丹青这首歌
15	我听首歌
15	找一首游鸿明的音乐
15	我想亲亲我的宝贝这首歌
15	听时间煮雨这首歌
15	帮我查一下周杰伦的歌
15	我想听你最珍贵这首音乐
15	特莫文蔚的阴天。
15	我想听首歌
15	放一首音乐给我听
15	我想听11年，这首歌哦。
15	我要点一首小星星
15	放一首其实我介意
15	我想听求佛。
15	给我来首好听的音乐
15	放首陈奕迅的十年
15	放首歌给我听吧
15	我想听只对你有感觉
15	给我随便来几首歌
15	我要听情动这首歌。
15	播放断点
15	点播爱情买卖
15	我想听世上只有妈妈好这首歌。
15	我要听劝化这首歌
15	来一首解脱
15	随便给我放几首歌
15	想听牵手这首歌
15	找一首歌叫斑马斑马
15	来首我的未来不是梦
15	我想听莫失莫忘。
15	我想听伤感歌曲
15	来一首听你听我
15	唱一首两只蝴蝶。
15	来一首夜夜夜
15	给我放首歌
15	放首歌听一下你好
15	来首快乐崇拜
15	我想听春天里这首歌
15	我想听忐忑这首歌打
15	播放田园的歌
15	我想听周杰伦的菊花台
15	播放郁可唯的歌
15	我想听音乐忘情水。
15	唱一首简单爱
15	来一首月亮惹的祸
15	我想听蔡依林的倒带这首歌
15	搜索电视剧插曲
15	播放歌曲再见青春
15	喂喂那个我说想听音乐呢
15	王菲传奇。
15	来一首宝贝对不起
15	哦来一首青花瓷
16	搜索娱乐新闻。
16	美国最近有什么新闻
16	告诉我今天的新闻内容
16	有什么重大新闻
16	我看看现在的最新新闻是什么？
16	打开腾讯头条新闻
16	零七播报新闻。
16	请问一下军事新闻。
16	龙岩新闻
16	关于钓鱼岛的新闻进展
16	答复，我要听新闻。
16	听新闻，姨。
16	来个最新新闻。
16	最新的新闻播报一下
16	我想听，新闻。
16	我想听听今天的新闻。
16	讲点新闻
16	艳照门事件。
16	但我想点新闻。
16	今天杭州有什么新闻
16	看一下今天早上新闻。
16	钓鱼岛事件。
16	总计今天的新闻。
16	今天有什么军事新闻
16	秦皇岛今天有什么新闻
16	今天温州有什么新闻。
16	我想听昨天晚上的新闻。
16	艾莱冈给我点新闻。
16	最近有什么热门新闻了。
16	姨，最近有什么新闻。
16	播放最近新闻。
16	播新闻，湖南新闻。
16	我想今天新闻最近有什么新的新闻？
16	请给我讲一下今天的新闻吧！
16	今天的新闻，欲
16	我也听新闻。
16	有什么重要新闻吗？
16	多想听新闻，哦。
16	帮我搜索一下今天的新闻
16	看今天的新闻。
16	国际新闻。
16	报点新闻给我听。
16	我想听足球类新闻
16	看一下今天有什么新闻？
16	我要听最近的新闻。
16	播放最近的新闻。
16	今天有什么新闻呢。
16	看看有什么好新闻
16	讯飞语音我想知道山东省东营市今天的新闻。
16	加，听新闻。
16	搜索最新新闻
16	听听新闻。
16	今天惠州新闻。
16	现在看看有最新的新闻吗？
16	今天的新闻有什么？
16	我要听新闻，给我数。
16	噗我想听新闻。
16	今天东莞新闻。
17	搜索中国共产党章程
17	可以找一下浪漫满屋的小说
17	查找校园小说沙漏第二部
17	我要看魔幻学院小说
17	我要看饶雪漫的小说左耳
17	最近好看的小说
17	搜索小说校园全能高手。
17	给我讲个长篇小说。
17	我要看现代重生小说
17	郭敬明的爱情小说《悲伤逆流成河》
17	我要看唐家三少写的玄幻小说绝世唐门
17	我要看灵异推理小说
17	我要看游戏异界小说
17	赶紧推荐一部小说。
17	你能搜到小说不？
17	我要看魔法神话小说
17	网上最火的小说有哪些
17	我要看免费的小说。
17	我要看古典仙侠小说
17	我要看校园小说致我们终将逝去的青春
17	玄幻小说 幻神
17	玄幻小说《武动乾坤》
17	我要看古言小说
17	《武动乾坤》
18	帮我找首诗。
18	张，来首白居易的诗。
18	给我背一首满江红。
18	不是花中偏爱菊的下一句是什么？
18	你好啊，再背首诗。
18	来首宋词。
18	搜索兰陵王。
18	朗诵诗词。
18	请背诵静夜思。
18	古诗长恨歌。
18	李白的诗词
18	那就来一首李白的诗词。
18	说一首唐诗吧！
18	读一首古诗。
18	我心照明月后面一句是什么？
18	你给我念一首李白的诗。
18	给我来首唐诗三百首。
18	背将进酒。
18	背一下春晓孟浩然。
18	学而不厌，下一句是什么？
18	人之初，性本善下一句是什么？
18	思春夜喜雨下一句是。
18	我想听首唐诗。
18	朗读咏雪
18	家，背首沁园春雪。
18	给我来首绝句。
18	请念一首毛泽东诗词。
18	背诵一首唐诗
18	来首李白的诗集。
18	那你背首唐诗给我听。
18	仓央嘉措的诗词。
18	杜甫兵车行。
18	锄禾日当午，下面一句是什么？
18	您给我来一首，夏明翰的就义诗。
18	各来一首李白的诗词。
18	哪里香我来一首李白的诗。
18	嗯，你来一首李白的诗词，的。
18	背首静夜思来听一下。
18	说一句，白居易的诗。
18	来首甘露寺。
18	来一首七言绝句。
18	我要听宋词。
18	落花不是无情物的下一句是什么？
18	雄关漫道真如铁下一句是什么？
18	李清照的诗。
18	床前明月光下一句是怎么说
18	来一首纳兰性德的词。
18	分手时，背一首诗吧？
18	你给我背一首白居易的诗。
18	来一首白居易的长恨歌
18	读一首唐诗。
18	ok好，来首李白的诗词。
18	李白的静夜思怎么读？
18	来is，来一首采莲。
18	蒋捷的宋词
18	念个唐诗给我听。
18	唐寅的诗。
18	来一首唐诗吗？
18	唐诗登高。
18	来一首，灵岩。
18	搜索蜀道难。
18	那你爸给我背一首唐诗了。
18	江山有奇峰，下一句。
18	长风吹月渡海来下一句是什么？
18	来一首李煜的词。
18	呵呵，背首诗来听。
18	满园花菊郁金黄的下一句是什么？
18	给我背个李白的诗。
18	读句诗来听听。
18	所以说李白的诗。
18	给我念首古诗。
18	再来背一首毛泽东的诗词。
18	朗读游子吟。
18	那就来一首李白的诗词吗？
18	恶念首唐诗。
18	搜搜一首毛泽东的诗。
18	杜甫的诗。
18	背一首春晓
18	背屈原的离骚
18	背一首，纳兰容若的词。
18	查一首古诗，武林春。
18	江涵秋影雁初飞的下一句是什么？
18	来一句唐诗呗！
18	我背一下春晓。
18	搜索古诗绝句。
18	我要听李白的诗。
18	何以解忧的下一句是什么？
18	去网上搜索兰陵王。
18	给我来一首山歌吗？
18	来首唐诗小池
18	来一首咏柳。
18	帮我来一首兰陵王。
18	月咏牡丹的下一句，是什么？
18	那你给我背一首唐诗吧！
18	背首绝句的。
18	诗词满江红。
18	嫁鸡随鸡下面一句是什么？
18	给我念首春晓。
18	李白的将进酒。
18	来首苏轼的词。
18	老朗诵首古诗。
18	念首诗听一下。
19	调频fm九十七点一
19	收听中国人民广播电台广播
19	调频到fm八八五
19	98.4香港电台第四台
19	调幅am六百二十八
19	肥东人民广播电台调频FM101.3
19	调频fm九十六点三
19	调频到fm八九八
19	请帮我调频89.7上虞人民广播电台
19	打开调频FM107南平人民广播电台
19	请帮我调频89.6武汉交通广播电台
19	请帮我调频106.1长沙音乐广播电台
19	请帮我调频97.5湖南人民广播电台文艺台
19	麻烦您可不可以帮我调频99.3嘉善人民广播电台
19	麻烦您能否帮我调频97.1汉中音乐广播电台
19	本省农村广播
19	帮我调频92.4中国国际广播电台行不行？
19	能帮我收听淄博音乐广播
19	请帮我调一下电台到镇江新闻广播
19	fm九零二
19	麻烦您可不可以帮我调频98.5扬州人民广播电台新闻台
19	能不能帮我接听中广流行网
19	一起听听新疆人民广播电台
19	请帮我调频105.8南京人民广播电台音乐台
20	那来个灯谜吧！
20	打一个灯谜啊，你。
20	灯谜惑下。
20	再来一个脑筋急转弯
20	猜个谜语哦。
20	打一个谜语男人的腿残。
20	也来个灯谜吗？
20	让我猜个谜语。
20	我给你说个，我给你说个谜语你猜得出来吗？
20	脑筋急转弯呗！
20	讲一个谜语和答案。
20	来个字谜我猜一下。
20	你会猜谜语吗？
20	字谜你。
20	来一个字谜，二。
20	查个字谜。
20	我要猜字谜不笨有答案。
20	我要猜一个字谜。
20	给我讲一个谜语吧！
20	给我搜索脑筋急转弯。
20	来个脑筋急转弯儿。
20	来个字谜吗？
20	讲一个谜语，啊，你，哦。
20	打个谜语吧！
20	讲个谜语猜一下。
20	脑筋急转弯，孙。
20	啊脑筋急转弯啊
20	来个灯谜吧！
20	不是我是说我给你猜个谜语吧！
20	讲个脑筋急转弯，我，我格，你是谁？
20	来一个灯谜，你。
20	爆笑谜语
20	你给我说几个谜语。
20	搞笑谜语。
21	明天早晨8:10的闹钟。
21	明早8:10闹钟。
21	给我定个8:10的闹钟。
21	查看最近的日程
21	十分钟后叫我起床。
21	设置定时关机。
21	每天8:10起床。
21	提醒我明天约了老同学的小聚一下。
21	取消明天的闹钟
21	明天8:10叫我啊!
21	设置提醒。
21	提醒我明天约老同学。
21	明早8:10叫醒我。
21	清空提醒
21	明天上午8:10叫我起床。
21	设定闹钟。
21	提醒我明天约了。
21	晚上8:10叫我起床。
21	听到没有，提醒我晚上有约会记得穿正装
21	本周还有什么待办事项
21	把在1607的会议修改到1608
21	帮我设定8:10的闹钟。
21	帮我调明天8:10的闹钟。
21	什么时候和张三去步行街
21	8:10提醒我吃药。
21	提醒我8:10起床。
21	给我定一个8:10的闹钟。
21	帮我调明天早上8:10的闹钟。
21	另一个8:10的闹钟。
22	查询大力传媒的股票
22	平安保险的股票价格
22	永辉超市股份的价格
22	看一下中式传媒股票的涨跌幅
22	科大讯飞昨日成交价
22	查询一下讯飞科大今天的股票
22	中国银行是跌了还是涨了
22	五零零零零五的市值高不高
22	南钢
22	腾讯公司的股票
22	我要查股票
22	五八零零二二的市盈率是多少
22	查询三一重工股票
22	中国石化的股票是涨还是跌
22	上海能源这支股票怎么样
22	所以查学西宁特钢的股票
22	江苏阳光的股票怎么样了
22	居然股份股票怎么样
22	搜索中国移动股票
22	查询东吴证券的股票
22	陈娴TCL股票是涨还是跌了
22	查询海螺水泥的股票
22	章源钨业
22	中国银行股票怎么样
22	中国太保股票
22	查询洛阳钼业的股票
22	查询科大讯飞的股价
22	我想知道科大讯飞的市值
22	查下李宁公司的股票
22	伊利股份
22	腾讯股票昨日收盘价
22	上海宝钢股票
22	中国工商银行的股票
22	六零零零三六昨天的涨跌幅情况
22	蓝鹰股票
22	伊利股份股票
22	我想看一下科大讯飞的股票
22	通宝能源股票
22	查寻上海能源的股票
22	宏达高科的股票跌了没有
22	查一查同方股份的股票
22	搜索蒙牛的股市行情
22	招商银行港股的股价
22	青岛海信股票
22	我想看看股票零零二幺幺八紫鑫药业股吧
22	百大
22	富瑞特装股票
22	查询濮耐股份的股票
22	包钢稀土股票价格
22	零零二三零六的股票
22	查询一汽轿车股票
22	查下银星能源股票
22	中信证券股票
22	搜索泰亚股份股票
22	搜索中国移动的股市行情
22	讯飞科技股票价格
22	永高股份的股票
22	查一下零零零八六八的股票行情
22	中水渔业的股票
22	煤炭板块股票查询
22	安徽合力股票
22	天利
22	代码000800的股票涨幅是多少
22	截止目前银鸽投资股份的市值是多少
22	股票零零零零零二
22	科大讯飞今天的股票
22	人福医药股票
22	杰瑞股份股价
22	美菱电器的昨日收盘价是多少
22	查寻科大讯飞的股
22	查寻天龙集团的股票
23	拨打张月华的电话
23	打给曾玮文
23	给小鱼打电话
23	呼叫鹏鹏
23	我想打电话给李四
23	给幺零零幺零打电话
23	打电话
23	打电话给之山
23	打打给胡磊
23	呼叫广岁
23	打电话给大哥
23	打电话给艾背
23	打电话给王安娜
23	打电话给小女儿
23	打电话给my god
23	拨打电话给庄开森
23	打电话零九一零二五六五三五四
23	帮我打电话给港铁轮
23	打电话给摩托老师
23	打电话给奥巴马
23	拨打电话办公吴菲
23	拨打幺零零八六一一
23	幺三八五幺二九二四幺四
23	打一下公司张总的电话
23	呼叫徐媛
23	拨号曹兴发
23	打电话给魏文强
23	打电话给郑艺红
23	给高兴打电话
23	打电话陈雪莉
23	打电话给陈雷
23	四八七三一六六
23	给张张打电话
23	打给亲爱的楼
23	给吴方婷打电话
23	打电话给美华
23	打电话给幺三二三五六二零二五五
23	给万结打电话
23	幺三零二三八四七三四二
23	打电话给潘立长
23	给王涛打电话
23	打电话给阿敏
23	给金华打电话
23	给我接听电话
23	拨打陈艾电话
23	打电话给丹丹移动
23	打电话给李新颖
23	呼叫a 二小姐
23	打电话给胖头
23	听电话
23	幺三五八四四七零五零二
23	打石宝电话
23	给木九超打电话
23	打电话给王宇婕
23	打电话给幺三八八九六七五八六七
23	呼叫零二二二九一一四八六
23	打电话给张志国
23	打电话到飞云
23	打电话给大培
23	你给朴叔打电话
23	拨打幺三九七七零九八七七六
23	打电话给三路店
23	打电话给卢静
24	有上海到昆山的火车吗
24	从合肥到北京的列车
24	查一下杭州到鹰潭的火车票
24	查一下到洛阳的高铁
24	从长沙到北京的列车
24	潍坊到济南的火车票
24	查询柳州到昆明的列车
24	列车深圳到广州
24	贵溪至泉州的火车票
24	贵阳至长沙的火车票
24	上饶到南昌的火车票
24	合肥到芜湖的火车票
24	厦门到福建建阳的火车是几点呢
24	潜山到福州的火车
24	查寻来宾到柳州的火车
24	深圳至合肥的火车票
24	查一下潍坊到威海的火车票
24	广州到南宁的火车
24	湖北荆州到黄石的火车
24	后天上海到烟台的火车
24	明天到郑州的火车
24	查一下南昌到南京的火车
24	从合肥去西安的火车
24	帮我查一下临海到上海的火车
24	请查询丰城到南昌的火车列车列车时刻表
24	明天广州到北京的火车
24	帮我网上订车票
24	去广州的火车票
24	安阳到郑州的火车
24	帮我查询一下温州到上海的火车
24	杭州南站到龙游的火车有哪几班
24	北京到镇江的火车
24	查一下那个南京到昆明的火车
24	查一下苏州到洛阳的火车票
24	南京到厦门的火车票
24	明天到合肥的火车
24	查询安阳到郑州的动车
24	查看滁州到南京的火车票
24	明天有火车到襄阳吗
24	枣庄到淄博的火车票
24	明天南京到徐州的火车
24	温州到瑞昌的火车
24	查一下济南到潍坊昌乐的火车
24	厦门到赣州的火车票
24	查查一下连江到湛江的火车票
24	洛阳至西安的火车
24	到北京的火车班次
24	查下温州到杭州的火车票
24	帮我在百度里搜一下东莞到北京的火车
24	帮我查一下赣州到南昌的火车票
24	查一下合肥到淮南明天的火车
24	宿州到北京的火车有哪些
24	帮我查一下广州到深圳的火车
24	到无锡到北京的火车有几趟了
24	查一下兰州到成都的火车票
24	广州去昆明的火车
24	明天去蚌埠的车票
24	去枣庄的火车
24	查询宜春到南昌的火车列车时刻表
24	四月六号南宁到上海的火车
24	深圳到开封的火车
24	帮我查一下洛阳到赣州的火车
24	明天去滁州的火车
24	查一下上海到苏州的火车票
24	明天有没有洛阳到西安的高铁
24	查询泉州到上海的动车票
24	帮我查一下苏州到上海的火车
24	广州到孝感的火车
24	查询昆明到合肥的火车
24	帮我查一下赣州到杭州的火车票
25	很高兴认识你英语怎么说啊
25	中国制用英文怎么说
25	翻译李淼
25	你叫什么名字翻译一下
25	香蕉的英语怎么说
25	我们做爱吧用英文怎么说
25	今天是个好日子的英文怎么讲
25	五用英语怎么说
25	智能手机英语怎么说
25	福尔摩探案急翻译成英文
25	橙子的英文怎么说
25	书包用英语怎么说
25	你怎么了英文怎么讲
25	翻译爸爸
25	帮我翻译一下我饿了
25	翻译共产党员
25	我去飞机场英语怎么说
25	我不知道的英文怎么说
25	我正在睡觉用英语怎么说
25	你去哪用英文怎么说
25	晚安的英语
25	翻译慷慨激昂
25	我来自美国是一个地地道道的美国人用英语怎么说
25	请翻译苹果
25	一加一用英语怎么说
25	我今天帮爷爷洗衣服的英文怎么说
25	中国共产主义的英文怎么说
25	茶用英语怎么说呀
25	出租车的英文怎么说
25	翻译牛
25	阴精英语怎么说
25	庞军军英语怎么说
25	早点死英文怎么翻译
25	我今天去北京了英语怎么说
25	时间的英文怎么讲
25	翻译一下明天我跳河自杀
25	晚上好用英语怎么说
25	香蕉用英语怎么讲
25	腿英文怎么说
25	我饿用英文怎么说
25	安哥拉的英文是什么
25	你去玩手机了吧用英语怎么说
25	我喜欢亚楠用英语怎么说
25	我要和妹妹睡觉英语怎么说
25	一千五英语怎么说
25	你好丑用英文怎么说
25	去你的用英文怎么说
25	当前不再呼叫英语怎么说
25	小说英语怎么说
25	大家今天心情如何用英语怎么说
25	你今天去了哪里用英文怎么讲
25	西红柿用英语怎么说
25	我想打你英语怎么说
25	桔子英文怎么说
25	睡觉用英文怎么说
25	我不在家英语怎么说
25	你叫什么名字英文怎么说
25	帮我翻译一下番茄
25	我不明白用英文怎么讲
25	我不吃英文怎么讲
25	很高兴见到你英文怎么讲
26	北京财经
26	中央十一台
26	我想看高尔夫网球频道
26	打开珠江台
26	宁波一台
26	先锋乒羽
26	高清江苏
26	CCTV四套
26	东方台
26	CCTV8高清电视剧
26	电视台列表
26	甘肃台
26	中央电视台电影频道
26	高清央视综合频道
26	高清央视综艺
26	BTVKAKU少儿
26	打开江苏卫视
26	天津电视台的国际频道，拜托了哈
26	切换到a t v
26	帮我调转到风云音乐频道
26	找湖南卫视
26	老故事
26	央视1高清
26	高淳转播2 
26	我要看c c t v一
26	央视综合高清
26	我要看下中央六套
26	CCTV7军事农业
26	远教四台
26	安徽综艺
26	我看呀中央五台
26	游戏竞技频道
26	帮我打开c c t v五
26	我要看湖南台
26	女性时尚
26	CCTV6电影高清
26	江苏教育台
26	高尔夫网球
26	北京财经台
26	中央台五套
26	西藏卫视
26	哦我想看中央一台
26	打开浦口新闻综合频道
26	浙江电视台
26	听江苏交通广播网
26	帮我调到安徽卫视
26	CCTV记录
26	江苏影视
26	CCTV少儿
26	湖北电视台高清
26	央3
26	中央八
26	帮我切换到湖南卫视
26	陕西二套
26	我想看c c t v 一频道
26	我要看中央五台
26	江苏影视台
26	AXN
26	就是很想看一下大众影院
26	高清深圳台
26	海南旅游卫视
26	调到新疆综艺
26	吉林电视台
26	央视精品节目
26	c c t v法语频道
26	在线观看中央七套
26	中国教育电视台三台
26	换江苏卫视
26	福建电视台
26	电子竞技场
26	浙江台
27	金瓶梅
27	帮我找一找龙门飞甲
27	看中国好声音
27	智慧树
27	开心大冒险
27	亲爱的孟凯韬
27	看空霸
27	汉武大帝
27	魔幻剧
27	蓝精灵电影
27	情债
27	苍狼
27	我要当八路军
27	大头儿子小头爸爸
27	最美的时光
27	五号特工组
27	13年孙红雷演的片子
27	爱在何方第三期
27	那么最近有什么好电影呢？
27	来点张艺谋出演的节目
27	我想看搞定岳父大人电影
27	电影中国合伙人
27	花开半夏
27	查找电影
27	动画片
27	知青
27	给我找最新的盗梦空间
27	死亡复生
27	好无聊哇有什么好看的电影
27	女人的颜色六十九集
27	歧路兄弟
27	想唱就唱
27	查找桑拿
27	搜索最近的，科幻电影。
27	忍者之路
27	爱在旅途
27	想看韩剧
27	狄仁杰之通天帝国视频
27	打开节目搜索
27	请帮我放一下剩女保镖
27	美国恐怖电影
27	来一个选秀节目
27	杨幂演的恐怖片
27	帮我打开步步惊心
27	最近有什么好看的电视连续剧武打的。
27	我想看大武当电影
27	小兵张嘎电影儿
27	打开新闻
27	要看名侦探柯南
27	播七龙珠
27	满秋
27	请帮我查找一下奥特曼大电影
27	动画片巴啦啦小魔仙
27	好看足球比赛
27	查最近的电影。
27	北疆战士
27	女子特警队之火凤凰
27	当婆婆遇上妈
27	爱情公约
27	高清动作电影
27	我想看周星驰的喜剧电影喜剧之王
27	乌鸦二电视没
27	斯皮尔伯格导演的电影
27	魔幻手机
27	幻影忍者
27	古惑仔
27	电影私人定制
27	看东方                             
27	看乡村爱情
27	香港杜琪峰导演的喜剧孤男寡女
27	劲爆在车
27	我想要看很火的电影
27	90年代林心如演的电视剧
27	妖精的尾巴
27	风车第十五集
27	杨三姐告状
27	情景剧电视剧
27	搜索国外大片
27	赛罗奥特曼
27	我想看变形金刚三
27	看看最近有什么电影？
27	查一下最近有什么电影？
27	看上周五的爸爸我去哪儿
27	我的爱金枝玉叶
27	有什么新电影
27	妈妈的花样年华
27	我要看李连杰的电影
27	狸猫换太子
27	有没有张艺谋导演的热门电影
27	刘诗诗主演过的电影
27	老版红楼梦
27	一个鬼子都不留
27	我想看爱情闯进门
27	最近有什么好看得
27	命运派对
27	胜者即是正义
27	文娱播报
27	找一下詹姆斯卡梅隆拍的电影
27	我想看喜羊羊
27	查看电视录像
27	搜索电影晚秋
27	江山
27	独立纵队电视剧
27	胜女的代价电视剧
27	查询神鬼认证
27	李瑞英主持的最新的新闻节目
27	看看郑晓龙导演的甄嬛传
27	换到米老鼠
27	半夜不要照镜子
27	铁甲钢拳
27	读心专家
27	电视剧火凤凰
27	有你才幸福
27	推理动漫
27	我想看珍珠港
27	2013年的警匪电视剧
27	我想看董浩配音的动漫
27	最近的科幻大片儿，有什么？
27	播放特种兵之利刃出鞘
27	我想看变形金刚哦
27	播放神话
27	地心历险记二
27	搜索下绿巨人
27	美国热门的恐怖电影
27	青春期撞上更年期二
27	正者无敌
27	武间道
27	欧阳震华的罪案电视剧
27	看动物卡通
27	13年的电影
27	康熙大帝
27	2013年陈可辛导演的好看的电影
27	刑侦电视剧
27	薛平贵与王宝钏
27	钢铁侠三
27	福尔摩斯
27	英雄本色电影
27	太阳第九集
27	搞笑的鬼片
27	生活大爆炸
27	宫崎骏动画电影
27	我想看斯皮尔伯格导演的电影
27	我想看电影超人
27	新扎师妹
27	猫眼三姐妹
27	我是说我要看一起又看流星雨
27	贺岁片
27	搜索逃学威龙第二部
27	天机富春山居图
27	我是特种兵二
27	我想看张艺谋导演的电影
27	中国合伙人
27	智取威虎山
27	下半年的电视剧
27	喜羊羊与灰太
27	韩国电视连续剧老大
27	甄嬛传高清
27	陈真
27	影视流星花园
27	热血动漫
27	x战警第一部
27	中国新声代
27	你好我想看电影
27	捍卫者
27	我的幸福
27	查找90年代好评的武侠电影
27	看千金归来第五集
27	美好的时代
27	最近有什么科幻电影？
27	铁甲威虫
27	请播放一下举起手来
27	最近有什么影片？
27	播放法制进行时
27	刘三姐
27	搜王菲演唱会
27	心术电影
27	海棉宝宝
27	请打开电影
27	最近有什么好看电影了？
27	最近有什么好电影吗？
27	看电影啊
27	中国最强音
28	打开汕头的天气预报
28	呼和浩特的天气怎么样呢
28	今天天气冷吗
28	舒城的天气
28	今天东莞天气如何
28	天气南京
28	邳州的天气
28	帮我查下南京明天的天气
28	帮我查一下赣州的天气明天呢
28	那会不会下雨
28	株洲的天气怎么样
28	丽水的天气怎么样
28	好今天天气怎么样
28	奥克兰的天气
28	几个田今天天气怎么样
28	今天全椒天气怎么样
28	后天什么天气
28	帮我查下天气
28	现在几度
28	临沂的天气
28	今天柳州天气怎么样
28	长春的天气
28	查看一下天气预报
28	明天的天气是是什么
28	广州的天气如何
28	台中的天气
28	告诉我现在北京天气怎么样
28	查一下绵阳的天气预报
28	罗山天气
28	明天的天气
28	二月一日柳州的天气
28	青阳天气如何
28	我想知道深圳明天的天气
28	深圳今天天气怎么样
28	天气怎样
28	庐山天气
28	明天泸州天气如何
28	亳州天气
28	查看武汉天气
28	巴中的天气
28	宁波天气情况
28	今天啥天气啊
28	淮南天气预报
28	搜索天气
28	扬州天气
28	你好请问一下明天广州的天气如何
28	武汉的明天天气
28	明天赣州什么天气
28	天气桂林
28	长沙明天是什么天气
28	今天有雨吗
28	常州天气预报
28	北流的天气
28	明天天气如何
28	郑州天气怎么样
28	大连天气
28	沈阳今天天气
28	查看汕头天气
28	苍溪的天气
28	合肥明天的湿度如何
28	天气如何
28	鄱阳县的天气
28	洛阳的天气
28	天气好不好啊
28	保定天气
28	查一下明天福州的天气
29	摩尔勇士
29	把我打开淘宝的网页
29	上山居网
29	赶集网
29	四川新闻网
29	苏宁易购
29	把淘宝网打开
29	看网易财经
29	打开三g门户网站
29	打开四三九九小游戏网站
29	我想看一下凤凰网
29	打开河南英东网站
29	激动
29	新蛋网
29	中华军事网
29	打开苹果香港官方网站
29	索尼爱立信官网
29	打开三星首页
29	打开4399小游戏
29	打开宽带商务网站
29	现在我也想上新浪网了
29	给我打开百度网
29	浏览一下百度
29	中国新华网打开
29	打开科大讯飞网站
29	开启雅虎
29	打开杜鑫文的网站
29	进你的官网
29	打开丰顺县政府网
29	进入三w点百度点com
29	进入讯飞官网
29	打开网页小米论坛
29	上百度网站
29	幻剑书盟
29	聚友网
29	宜家
29	广西新闻网
29	打开索尼官方网站
29	现在打开你的官网
29	打开百度啊
29	我要打开百度
29	新浪汽车
29	0le
29	九阴真经
29	我想上网易
29	你帮我打开网站
29	打开搜狐网首页
29	但是我想上腾讯网
29	打开互联网啦
29	心绝网上人间
29	上美空网
29	请打开八六八四
29	中国新闻网网站
29	我要上网打开百度
18	毛泽东的诗哦。
30	有房有车吗微笑
13	2013年亚洲冠军联赛恒广州恒大比赛时间。
18	若相惜不弃下一句是什么？
25	苹果翻译成英语
25	翻译光大银行
30	哪天的？
1	无锡到阜阳怎么坐汽车？
5	孜然排骨怎么做？
30	娃咋么杨你因为呵呵演完呀不到你
30	你现在在做什么啊
25	今天我要去逛街用英语说
28	查南京天气
5	做花生拌豆腐需要什么材料啊？
22	泰山石油股票
8	下周有什么好看的恐怖电影
30	干啥呢
30	能告诉我徐乐乐的信息吗
30	这有什么厉害的
26	频道管理
5	赵柏田鸡怎么做啊？
30	你咋不上天呢
18	搜索岳飞的诗满江红。
30	摸啥
22	查询下北京首创的股票
30	今天什么天气
19	请帮我调频100.8梧州人民广播电台
29	打开江苏移动网上营业厅网页
18	你背首唐诗给我听听啊
10	甲亢怎么治疗？
9	查下上海到太原的机票
30	在干吗啊
5	鱼香肉丝的做法啊！
30	你知道怎么拍照么
30	你怎么笨笨的?
15	来一首我们的歌谣。
5	肥肠的做法
23	打电话温正军
10	黄疸
27	搜幕府风云
5	酸辣藕丁的做法。
10	暴发性紫癜
26	新闻解码
27	憨豆特工
30	这是哪年的事
18	尽在不言中下一句是什么？
18	朗诵一首李白的诗词。
8	现在有什么好的电影呢？
27	我要看西游记啊
8	第二十二条婚规什么时候结束
29	进入中国移动官方网站
9	查询上海到丽江飞机票的价格
21	设置明天8:10闹钟。
30	会lol吗
30	你生日是什么时候
5	面包怎么做
5	周黑鸭怎么做？
18	来一首李清照的词
30	可以帮买火车票吗
18	朗读一首李白的诗呗！
5	怎么做？酸菜鱼？
5	做可乐鸡翅需要哪些材料？
8	动漫频道三天之后有开始播吸血鬼日记第四季呢
28	郑州天气
9	查询今天上海到成都的航班
5	福寿鱼怎么煮比较好吃？
22	中海油服股票
25	你曾爱过我吗用英语怎么说
5	红烧肉的做法啊！
6	端午节是哪一天
5	脆瓜。
3	最近热门的电影。
8	回放昨晚的焦点访谈
27	蝎子王蝎子王
16	哦，听新闻。
9	查询大大后天广州到武汉的航班
5	豆沙包。
27	三女休夫
5	银耳莲子粥怎么做
30	其实我不跟你说话么办
30	你觉得我嫁的出去吗
24	去南昌的火车
30	推荐几部呗
23	请打电话给沈晨浩
30	谁是小萌萌
30	欧洲杯谁能夺冠
30	它在哪里
0	请帮我打开uc
6	日期植树节
8	江西卫视三天之后放一站到底么
9	上海到北京的飞机航班
24	明天广州到长葛的火车
14	发短信方钰玲
30	怎么安慰啊
30	这么傲娇
10	更年期综合症。
30	你咋没上幼儿园
27	魔幻电影
24	重庆到成都的火车票多少钱
28	帮我看看今天的天气
11	任意购买三张大乐透
10	多囊肾怎么治啊？
19	帮我调频92.8桐庐人民广播电台行不行？
15	我要听张雨生的歌。
9	明天去徐州的航班
27	预约还珠格格第八集
24	帮我查一下从开封到郑州的火车几点发
15	随便唱首歌。
15	来首出师表
5	素鸡
10	得了关节炎怎么办？
27	张艺谋的甄嬛传
28	今天广州的天气怎样
11	帮我购买2注25选5的彩票
0	帮我打开人人
22	科大讯飞的股价如何
5	拔丝芋头怎么做
30	顾超是谁
30	你叫什么名字?
23	打给孩子的爸
30	怎么这么热受不了了
22	南京熊猫股票
18	读首唐诗来听听。
30	笨笨你是没有年龄么
6	查询距离12点25分还有多少分钟
27	惊情四百年
18	搜索一下白居易的诗。
5	我想我想做老鸭汤用什么材料？
22	查询股票00230
25	你吃过早饭了吗用英文怎么讲
30	你这都跟哪啊快雪的
18	造化钟神秀的下一句是什么？
16	我想听重庆新闻。
26	我要看云南二台
22	罗顿发展的股票
0	链家地产打开QQ
5	不懂饭的做法。
30	怎么上分
30	你爱玩什么英雄
1	北京到成都的汽车时刻表。
10	得了皮肤病怎么办？
5	蒜茄子怎么做？
30	晚餐吃点什么呢
24	星期四去上海的火车
9	后天去大连的航班
5	宫爆鸡丁的菜谱。
30	你肥吗
2	根号三的倒数
27	请帮我打开电影
25	今天的天气真是好用英语怎么说
12	查查科大讯飞在哪里
29	易车网看看
12	龙口西路在哪里
12	新东站怎么走
22	三安光电
18	来首纳兰性德的词。
13	中超赛事预告，从在哪里看呢？
10	乳腺癌。
28	今日天气怎么样啊
9	武汉到北京的飞机票
29	那你帮我打开百度
30	是谁呀
29	打开猫扑
9	查询后天广州到上海的航班
8	世界军事中央台世界军事
0	打开uc二哦
8	金鹰卡通今天晚上放什么节目？
12	我想到科大讯飞走高速路线
30	谁是猪
30	你什么梦想
16	盘锦新闻。
24	查询湛江到广州的火车票
5	姐你红烧肉怎么做呀
30	订机票今天吃什么
18	背首杜甫的诗啊？
30	刘挺是谁？
27	请搜电影画皮
5	刘林面怎么做啊？
12	嗯我想知道曲阜在什么地方
5	猪肉丸子汤怎么做啊？
30	你谁什么
20	你说谜语给我猜。
8	读书频道上个星期五有播放新闻联播吗
27	大耳朵图图二
30	我都不害羞你害羞什么
10	鼻息肉
28	天气预报广州
30	啊我要订票你怎么吟诗了
30	笨笨你爸比和帮主是什么关系
16	关注一下今天的欧洲杯新闻
5	黑芝麻怎么炒？
16	等，请播报新闻
26	山东高清
10	内分泌失调了怎么调理？
12	去金湖县城
5	那好，那你告诉我西红柿炒鸡蛋，怎么去做？
24	有没有徐州到洛阳的火车票
5	讯飞语点请你搜索一下番茄炒蛋怎么做？
9	七月三十一日上海虹桥到北京的航班
1	南京到，黄山的汽车。
23	呼叫浦蒲
26	山东台高清
30	嗯你叫啥呀
3	现在电影院有什么好电影？
2	9的2次方根的3次方
22	中国石化的股价怎么样
25	小老虎用英语怎么讲
22	查找科大讯飞股票的股价
27	小c帮我搜一下断剑视频
30	你怎么会不知道能
26	CCTV农业
29	帮我上下新浪网
15	歌曲白天不懂夜的黑
7	给我看邮件
5	小猪哨糖醋排骨的做法。
30	你下蛋吗
30	你是说我有意思吗
5	帮我搜索一下红烧排骨。
18	背一首声声慢。
1	去深圳怎么坐车？
0	开微信
5	红烧带鱼怎么做？你？
30	不行么
0	打开QQ通讯
9	帮我看一下明天去北京的飞机
8	北京青年频道谁在说
27	青春四十
23	拨打幺三七零九五二零八五八
30	什么一年多了
5	板栗怎么煮？
30	做的还是不够好
4	新建联系人李四号码是一二三四五六七八
27	整人专家的电影
1	在合肥怎么坐去南京的汽车
5	鸡蛋的做法
30	有答案了吗
8	今天晚上有没有中国好声音呢？
30	你能做点什么
5	黑米红豆粥的做法。
10	肠胃炎怎么治？
0	打开汽车之家
21	明天叫我8:10起床。
27	小破孩动画片
22	科大讯飞的股票是多少a
4	老马的电话是多少
30	你的性格是什么
5	不，做个红烧肉怎么做？
8	贵州卫视今晚看什么电视剧？
1	从台州到金华的汽车。
18	朗读岳飞的满江红。
18	天王盖地虎的下一句是什么？
22	查询中国石化的股价
11	看一看七乐彩的信息
30	你们这么爽
26	高清中央8
27	80年代成龙演的电影
29	打开百度哇
27	体育赛事直播
4	把高建清的号码发给潘青华
15	毛阿敏的歌
12	南山医院到北大医院路线
8	一站到底是哪个电视台播放的。
27	恶熊出没
24	查询广州到北京的火车
23	打电话给阿华
8	哪个频道有刘德华出演的电视剧
30	爱她该怎么做
30	那草为啥会绿
30	为啥穷
18	我给我念一首李白的诗吧？
25	笑话用英语怎么说
23	呼叫王希
26	跳换到湖南卫视
10	过敏性鼻炎怎么治疗
27	最近好评的晚会
5	猪大肠怎么炒？
5	做苹果麦片粥需要哪写材料？
5	打了怎么做红烧肉的做法？
24	查一下明天下午南通到南京的火车票
30	没听清吗
27	帮我看一下最近哪些电影是新上映的。
8	帮我搜下什么时间有演星跳水立方
22	九连股份今天股价
27	查雷神电影
30	你唉啥
26	北京二台高清
5	搜索烤饼的做法。
5	帮我找出红烧肉的做法。
5	干贝怎么做？
0	打开qq同步助手
26	找深圳卫视
19	调频fm九十七点七
3	搜索合肥左岸电影城。
20	出一个谜语给我猜猜吧！
28	明天深圳天气怎么样
24	烟台到齐齐哈尔的火车票
30	这么笨啊怪不得叫笨笨
8	湖南卫视现在演什么节目
24	开封到信阳的火车
30	什么鬼玩意
30	你在说啥啊
30	弄啥类
18	阿妈，来一首白居易的诗。
5	做红烧肉怎么做？
9	有没有下周二到贵阳的航班
17	有什么好看的校园小说
30	怎么走爽了呢
12	去华强北的路怎么走
20	再讲一个谜语吧！
11	最近几期的大乐透的开奖情况
16	t我要听新闻。
15	来一首不可以。
23	我要打电话给洪云刚
7	我想打开新邮件
30	朱泽圻女朋友你认识吗
24	杭州到北京的火车班次
2	0乘7
12	北京西站在哪
5	鲤鱼怎么做？
15	我想听期待这首歌
10	肺结核要注意些啥
30	你是穆斯林吗
14	给栾佳佳发短信说回到济南了
27	发现之美
17	搜一搜三毛的小说
18	念首唐诗吧！
30	喝啥子哩
8	年代秀什么时候播
24	从广州到南昌的火车票时刻表
30	你怎么就知道我不会呢？
5	扬州炒饭
23	给叶君恩打电话
30	那聊什么呢
13	宏大俱乐部赛程。
9	帮我查一下从济南到福州的机票
24	帮我查一下宁波到郑州的火车
3	离我最近的电影院。
5	酸菜鱼，怎么烧？
26	央视9
13	广州恒大比赛比分。
27	大耳朵图图获
30	喝哪种酒
30	你是哪里的人啊
5	红烧牛肉面我想来一碗。
13	中超比赛。
28	星期六的天气
28	银川天气怎么样
13	中超赛事预告，你。
7	我想要全部答复
5	做火腿炒茄瓜需要什么材料？
23	打电话给hello word
25	翻译芬兰
30	你怎么变笨了
30	你们学校机械学院都有哪些好老师他们都叫什么名字
8	广西电视台现在播放什么节目？
25	翻译背首诗
30	一共有几个小动物
14	传简讯给家里
14	给潘开国发短信
27	青年奥林匹克运动会
24	连云港到徐州的火车票
3	我要查找雷迪波尔电影院最新上映的大片
27	请帮我播放樱桃
4	把鱼苗的电话号码发给徐景明
5	煲鸡汤。
30	你娘亲是谁
29	打开网页猫扑
5	海虾的做法。
5	做黄焖小土豆怎么做啊？
30	谈的怎么样
12	怎么去农业银行
21	一分钟后叫我起床。
5	炸里鸡的做法。
8	中央六台的节目单
9	明天从桂林到杭州的航班
5	小白菜拌豆腐怎么做呀？
14	给爸爸发条短信，说“爸爸，我国庆节回来”
5	做红烧肉。
9	东营到济南的航班
27	最近有什么电影可以看一下。
14	发短信给林晓云说我爱你
24	北京到上海的火车票
25	我记住了用英文怎么讲
3	给我放一部最新的电影。
1	从无锡市到西安市的汽车。
30	你在玩什么呀
2	4乘6然后再乘七再除以二
28	长春现在是什么天气
14	给孟南发短信
27	我想看爱在春天
16	我想知道今天的娱乐新闻。
27	金枝欲孽
27	放年代短片看
28	明天天气怎样啊
25	星期天早晨我们一起去打篮球英语怎么说
11	查询大乐透的开奖公告
5	胡萝卜怎么炒好吃？
23	幺五八九三二八二八三八
27	青瓷电视剧
20	给我打个谜语，啊！
27	武林风视频
26	搜索第10频道
30	怎么教你记住东西
6	明天是农历几号
2	54乘上45
8	电影频道今天放什么
30	你有兄弟么
5	蛋黄焗薯条怎么做
12	河北在哪里
22	保利地产的股票
16	该我读新闻。
26	切换上海频道
30	怎么写
12	帮我看一下到科大讯飞最快的是哪条路线
15	我想听星月神话
19	我要听FM90.8
30	我喜欢好朋友吗
5	好吧，我想知道稻香排骨是怎么做的？
12	玉照公园怎么走
5	五梆瓜鸡蛋汤怎么做？
11	搜索25选5的获奖号码
10	糖尿病注意什么？
30	你长什么样子
30	你是宇宙飞船吗
17	我要看图文小说
28	我想知道北京的天气
26	我想看中央十三频道
27	家有儿女第二部
17	我要看唯美童话小说
30	你的梦想是什么呢
19	帮我调频94.8兰溪人民广播电台可以不？
30	你妈逼你考大学了吗
26	CCTV新闻
30	么么么哒
28	郑州的天气怎么样
4	哦钢结构的电话是多少
30	哼谁是你亲爱的
24	查询临沂到济南的火车票
30	你想吃什么呀
30	笨笨家在哪
30	怎么
25	挑逗你真好玩儿英语怎么说
27	文艺片
30	你怎么知道～
30	就不告诉你又能咋样我你再跟我那么叫我起床！跟我说句话！估计你给我发个图或者跟你给我发个表情我才能告诉你！要不然你就得跟我换个秘密！
10	感冒注意什么？
25	出口在哪里英文怎么说
27	播放非诚勿扰
30	哪有小猫
16	钓鱼岛新闻
5	炝拌土豆丝。
30	什么语无伦次的
15	来一首隐形的翅膀。
28	龙岩市天气
14	发短信给王二白叫她明天过来玩
27	夜访吸血鬼
17	我要看末世进化小说
8	现在有没有什么大片？
1	查询许昌到中山的汽车。
18	火气冲天，下一句是什么？
30	谁子
5	鱼香肉丝，怎么炒？
23	打电话给六六三
15	点一首爱情买卖来听听
27	智慧树我
5	灌汤小笼包怎样做。
5	干锅香辣虾
10	包皮包茎
5	我说吃飞蟹，怎么做？
27	黑猫截长
27	小c我想看北京青年
30	你咋知道我是老师?
14	发短信给王勋连说我很好
22	查询大北农的股票
27	要看特种兵
24	帮我查下上海到合肥的火车
25	虾的英文怎么说
24	查寻上海到北京的火车票
23	打电话给张帕楼
0	打开相机这
29	进银河网
15	来点歌听听
5	土豆粉怎么做好吃？
30	谁告诉你的
5	糖醋鲤鱼怎么做啊？你只负责吃，c则c。
30	提示什么
18	来一首琵琶行。
30	徐梓翔是谁
10	破伤风该怎么处理
30	能发点其他的吗
25	翻译秋天
22	广汇股份的收盘价格
5	嗯咯鸡爪怎么做的。
27	最近最热的电视剧
30	可以教教吗?
3	电影搜索啊！
27	电影十二生肖
0	黎宇我要玩中国象棋
5	清蒸鱼怎么做？吴？
30	哪里牛逼了
8	明晚真人秀频道有播放过百变大咖秀呢
30	对呀+你咋这么笨呢
18	来一首白居易的诗
30	你能听懂我说的是啥吗
30	你好能看懂表情吗呲牙
17	我想看现在很流行的小说
15	我叫小沈阳这首歌
30	你是用什么训练的
27	尼古拉斯凯奇
30	我能把你教坏吗
20	帮我出一个灯谜。
16	占田你给我放一下最近的新闻。
30	是我说话太直接了么
10	痛经。
13	广州恒大比赛谁赢了。
30	凭啥
28	现在温度几度
18	背诵唐诗三百首静夜思。
28	我想看一下温州的天气
30	那你哈尔滨那边有什么好吃的呀你今天吃什么呀
30	什么有点意思啊
15	来一首有点舍不得
5	请问红烧肉的做法？你，你。
8	CCTV9明晚有转播仁心解码2呢
18	唐代诗人李白。
27	我要看电视了
15	给我来一首，相见恨晚的音乐。
5	酱油鸡。
26	卡酷少儿频道
0	帮我找到微信
3	哦哦，最新的电影。
23	请拨幺幺零
5	萝卜炖排骨汤怎么做？
4	张培的电话号码是多少
15	播放上海滩。
9	去桂林的航班怎样
16	搜索最新新闻。
30	聊这么
29	打开腾讯拍拍网
30	你不是本人吗
14	发消息给周磊
20	讲个谜语吧，辣。
29	打开聚划算网站
30	你们你过生日吃蛋糕吗
26	测试信号2
27	汽车总动员
24	帮我查一下明天去郑州的火车票
2	45的倒数多少啊
9	从广州到贵阳市的航班
5	怎么样煮方便面。
28	盘县今天的天气如何
11	帮我查一下2013年2月8日开奖的七星彩中奖号码
18	说个李白的诗来听听。
6	现在的日期
24	从余姚到贵阳的火车票
7	帮我发邮件给婷婷
14	发条短信给杨桑
18	唐诗哦。
27	第二梦
29	打开浦发银行
30	这么神奇吗
8	帮我查查北京电视台-6上周六开始美味的想念呢
26	高清中央电视台电影频道
16	k新闻想听新闻。
30	下面有什么
16	泰州新闻。
5	糖醋排骨怎么做？好了额，你。
18	背首宋词。
30	我就不是好孩子了怎么了
20	动物谜语。
30	谁是你的爱
17	找找三毛的爱情小说
30	你能曝照吗
15	播放音乐喜帖街。
8	搜一下今天中午开始放郭的秀
29	帮我链接到新浪网
30	那你为什么要养家糊口
21	早晨8:10叫我。
5	鸡爪怎么炒？
30	啥呀
27	音乐视频
19	调频幺零三点二
27	爱情工寓
18	背一首李白的诗来听听。
15	she的歌
30	这有啥意思
29	上广州坐车网查一下从这里到大咋地怎么走
30	可以告诉我你的性别么
30	是什么呢
30	怎么我问你什么你都不知道
30	满意吗
8	查下安徽电视台今天节目单
8	15号的我愿意
28	明天桂林天气如何
2	4的平方根的立方加9的2次方根的3次方
5	酸菜鱼怎样做
14	发短信给子健晚上回家吃饭
16	帮我查一查今天的新闻。
18	读首唐诗
30	好有爱?
12	去红心中路怎么走
21	下午的日程是什么
30	问题是有些东西你听不懂怎么聊天
14	给李慧发个短信说我要回家
27	爱情片
8	哪个台播放节目
26	打开浦口生活资讯频道
5	烧鸭怎么做
4	把孟蕾的电话发给陈姬
30	我们去爬山怎么样啊
9	明天去纽约的航班。
30	除了会说这些还会说哪行啊
22	查询一下南方航空的股票
12	上海到北京怎么走
11	本期 的大乐透开奖号码
28	帮我查一下明日天气
30	你喜欢玩肥皂么？
22	中国建设银行的行情
27	最近新上映的电视剧。
19	麻烦您可不可以帮我调频97广西经济广播电台
30	谁最聪明
30	你是妹妹还是哥哥
14	发短信给王曼希望你幸福
5	用菜籽油做面包
7	替我回复这封邮件
18	背唐诗李白侠客行
20	帮忙讲几个谜语给我猜。
23	打给宋成钢
28	海南天气怎么样
27	美国电影破碎之城
12	帮我查一下到狼牙山怎么走
27	锁梦楼
30	真的吗
5	红烧肉怎么煮啊
30	什么曰子啊
23	拨打幺三九幺三八九九三九九
23	打电话给子明
5	怎样做凉拌？
30	天才中有什么重大新闻
8	今晚看什么电影？
20	猜脑筋急转弯二。
25	床英文怎么说
5	木瓜汤怎么做
12	杭州到上海
30	你知道小黄鸡吗
30	几八痒
22	查寻三星股价
23	给曹广义打电话
20	说个谜语给我猜猜。
5	用电压力锅怎么蒸米粉肉。
5	做糖醋排骨需要哪些材料呀？
12	查查科大讯飞在哪儿
0	打开淘宝购物
4	查看之丽丽的号码
12	从济源市到河南省电信分公司怎么走
5	干锅鱼怎么做
30	我想去上海坐火车得几天
21	设置闹钟。
25	早上好英语怎么讲
16	现在有什么热点新闻？
30	车车美么
7	发邮件给灿灿说明早我们一起跑步
13	武汉卓尔的赛程。
2	3次根号19
29	请打开人人网
0	搜索手机办公软件
14	给石荣福发短信
27	我想看电影台北飘雪
16	么，哥来一下最新的新闻。
14	给查乐发短信
30	是啊你说的那几句话到底啥意思
23	打电话给幺三七幺零五五二幺九九
30	要啥?
30	你怎么认识我的
16	今天重大新闻
17	搜索极品天王
24	查一下从广州到南宁的火车票
14	发送短信给老婆我在三号楼三零幺刚才那个教室关门了
22	查寻轻舞风股票
8	明天安徽卫视演什么
30	你是白痴吗
5	打豆浆剩下的豆渣怎样做，好吃？
0	凯立德
12	导航到奉贤
27	抽身游戏
27	我要看功夫熊猫帮我播放出来
5	酸菜粉条肉的做法。
28	中山天气怎么样
25	你还没有结婚用英语怎么讲
26	江苏党校二套
18	那给我背静夜思。
14	写短信给颖村
10	如何治疗脚气
5	请问鱼块的做法。
30	你什么意思
20	不辣，猜谜语。
25	翻译今天出去玩
27	日韩好看的电视剧
27	美国电影敢死队二
5	做蛋炒饭需要什么材料？
30	哪个学校的
8	湖北卫视今天下午六点以后开始播男生女生向前冲
28	你知道今天南京的天气吗
15	哦来一首忘情水
12	查询合肥市植物园的位置
29	开网页
18	我背一首生查子。
26	北京二
0	帮忙打开一下酷狗音乐播放音乐行不
9	十月四号从广州到北京的飞机票多少钱
23	幺八九幺八九二二五五五
9	阜阳到温州的航班
30	我是不是好没用
24	查一下从杭州到上海高铁时刻表
9	机票
4	把刘荣涛的电话发给王华成
27	帮我看下最近有什么好看的电影？
5	芒果西米露怎么做啊
22	查询标准股份的股票
8	查下最近1周有转播X女特工
30	有汽车票吗
27	播放2005年励志动漫
19	打开安徽交通台
30	这么逗我好玩是不
21	十五分钟之后叫我。
22	今天上证指数是几点
15	播放音乐月亮之上的。
22	我想了解地产板块股票现在怎么样
5	童子鸡的做法。
8	哪个台在放非诚勿扰
5	就拉下的饺子怎么做？
15	放一首青花瓷哦哦
30	你能给我唱歌吗
27	找一下非诚勿扰娱乐节目
15	给我放一首最炫民族风。
30	你还会什么古诗
24	查询广州到贵港的火车
23	给爸爸打电话
5	臭豆腐怎么做啊？
16	是否还有其他关于钓鱼岛的新闻
21	说到上海了提醒我一下
30	两点半夜鸡叫什么了不少钱包
8	你知道现在广东卫视在演什么吗？
7	给我看新邮件
30	最近有啥新鲜事阿
29	访问京东商城的网页
12	从武汉到呼和浩特
4	把李会计的电话发给小江
18	呦呦鹿鸣的下一句。
0	开启qq
26	湖北电视台
7	我要回复这个邮件
14	发信息给瀌瀌
16	啊，社会新闻。
18	给我背一首诗。
8	湖南卫视有什么节目
14	给杨凯发短信
29	打开新浪网我肏
5	江苏路红薯粉怎么做好吃？
16	今日头条新闻。
14	我要发信息给高鹤航
6	距离春节还有多久
12	从科大讯飞到天鹅湖怎么走能不走高速
26	CCTV-12套的节目单
22	创元
0	给我打开一下qq
25	汽车英语怎么讲
0	百度浏览器打开
21	晚上8:10的闹钟。
8	看一下今天晚上广西台有没有警戒线？